[{"model": "auth.permission", "pk": 1, "fields": {"name": "Can add log entry", "content_type": 1, "codename": "add_logentry"}}, {"model": "auth.permission", "pk": 2, "fields": {"name": "Can change log entry", "content_type": 1, "codename": "change_logentry"}}, {"model": "auth.permission", "pk": 3, "fields": {"name": "Can delete log entry", "content_type": 1, "codename": "delete_logentry"}}, {"model": "auth.permission", "pk": 4, "fields": {"name": "Can view log entry", "content_type": 1, "codename": "view_logentry"}}, {"model": "auth.permission", "pk": 5, "fields": {"name": "Can add permission", "content_type": 2, "codename": "add_permission"}}, {"model": "auth.permission", "pk": 6, "fields": {"name": "Can change permission", "content_type": 2, "codename": "change_permission"}}, {"model": "auth.permission", "pk": 7, "fields": {"name": "Can delete permission", "content_type": 2, "codename": "delete_permission"}}, {"model": "auth.permission", "pk": 8, "fields": {"name": "Can view permission", "content_type": 2, "codename": "view_permission"}}, {"model": "auth.permission", "pk": 9, "fields": {"name": "Can add group", "content_type": 3, "codename": "add_group"}}, {"model": "auth.permission", "pk": 10, "fields": {"name": "Can change group", "content_type": 3, "codename": "change_group"}}, {"model": "auth.permission", "pk": 11, "fields": {"name": "Can delete group", "content_type": 3, "codename": "delete_group"}}, {"model": "auth.permission", "pk": 12, "fields": {"name": "Can view group", "content_type": 3, "codename": "view_group"}}, {"model": "auth.permission", "pk": 13, "fields": {"name": "Can add user", "content_type": 4, "codename": "add_user"}}, {"model": "auth.permission", "pk": 14, "fields": {"name": "Can change user", "content_type": 4, "codename": "change_user"}}, {"model": "auth.permission", "pk": 15, "fields": {"name": "Can delete user", "content_type": 4, "codename": "delete_user"}}, {"model": "auth.permission", "pk": 16, "fields": {"name": "Can view user", "content_type": 4, "codename": "view_user"}}, {"model": "auth.permission", "pk": 17, "fields": {"name": "Can add content type", "content_type": 5, "codename": "add_contenttype"}}, {"model": "auth.permission", "pk": 18, "fields": {"name": "Can change content type", "content_type": 5, "codename": "change_contenttype"}}, {"model": "auth.permission", "pk": 19, "fields": {"name": "Can delete content type", "content_type": 5, "codename": "delete_contenttype"}}, {"model": "auth.permission", "pk": 20, "fields": {"name": "Can view content type", "content_type": 5, "codename": "view_contenttype"}}, {"model": "auth.permission", "pk": 21, "fields": {"name": "Can add session", "content_type": 6, "codename": "add_session"}}, {"model": "auth.permission", "pk": 22, "fields": {"name": "Can change session", "content_type": 6, "codename": "change_session"}}, {"model": "auth.permission", "pk": 23, "fields": {"name": "Can delete session", "content_type": 6, "codename": "delete_session"}}, {"model": "auth.permission", "pk": 24, "fields": {"name": "Can view session", "content_type": 6, "codename": "view_session"}}, {"model": "auth.permission", "pk": 25, "fields": {"name": "Can add money flow", "content_type": 7, "codename": "add_moneyflow"}}, {"model": "auth.permission", "pk": 26, "fields": {"name": "Can change money flow", "content_type": 7, "codename": "change_moneyflow"}}, {"model": "auth.permission", "pk": 27, "fields": {"name": "Can delete money flow", "content_type": 7, "codename": "delete_moneyflow"}}, {"model": "auth.permission", "pk": 28, "fields": {"name": "Can view money flow", "content_type": 7, "codename": "view_moneyflow"}}, {"model": "auth.group", "pk": 1, "fields": {"name": "Family A", "permissions": []}}, {"model": "auth.group", "pk": 2, "fields": {"name": "Family B", "permissions": []}}, {"model": "auth.group", "pk": 3, "fields": {"name": "Family C", "permissions": []}}, {"model": "auth.group", "pk": 4, "fields": {"name": "Family D", "permissions": []}}, {"model": "auth.group", "pk": 5, "fields": {"name": "Family E", "permissions": []}}, {"model": "auth.user", "pk": 1, "fields": {"password": "pbkdf2_sha256$320000$e0bZOTr9psqlHz7oFuhwzd$oGI4vHvgvbaiw5Wgjl79wcU4w7qfbCRrAGsrinFFueM=", "last_login": null, "is_superuser": true, "username": "django_user", "first_name": "", "last_name": "", "email": "admin@admin.com", "is_staff": true, "is_active": true, "date_joined": "2022-08-02T03:34:01.509Z", "groups": [1], "user_permissions": []}}, {"model": "auth.user", "pk": 2, "fields": {"password": "rEhlAV", "last_login": null, "is_superuser": false, "username": "jrustman1", "first_name": "", "last_name": "", "email": "tfarrant1@mashable.com", "is_staff": false, "is_active": true, "date_joined": "2022-08-02T03:51:28.887Z", "groups": [], "user_permissions": []}}, {"model": "auth.user", "pk": 3, "fields": {"password": "PaV8OVS", "last_login": null, "is_superuser": false, "username": "jwyllcocks2", "first_name": "", "last_name": "", "email": "dbottinelli2@woothemes.com", "is_staff": false, "is_active": true, "date_joined": "2022-08-02T03:51:28.930Z", "groups": [3, 2], "user_permissions": []}}, {"model": "auth.user", "pk": 4, "fields": {"password": "r95RQsSav", "last_login": null, "is_superuser": false, "username": "hsieb3", "first_name": "", "last_name": "", "email": "vdeathridge3@xrea.com", "is_staff": false, "is_active": true, "date_joined": "2022-08-02T03:51:28.956Z", "groups": [4, 3], "user_permissions": []}}, {"model": "auth.user", "pk": 5, "fields": {"password": "33Ove0mi", "last_login": null, "is_superuser": false, "username": "igermain4", "first_name": "", "last_name": "", "email": "equincee4@kickstarter.com", "is_staff": false, "is_active": true, "date_joined": "2022-08-02T03:51:28.998Z", "groups": [], "user_permissions": []}}, {"model": "auth.user", "pk": 6, "fields": {"password": "nrK5xY", "last_login": null, "is_superuser": false, "username": "ndoxsey5", "first_name": "", "last_name": "", "email": "mjosey5@infoseek.co.jp", "is_staff": false, "is_active": true, "date_joined": "2022-08-02T03:51:29.017Z", "groups": [], "user_permissions": []}}, {"model": "auth.user", "pk": 7, "fields": {"password": "3EAcc7X", "last_login": null, "is_superuser": false, "username": "lorae6", "first_name": "", "last_name": "", "email": "mbecerra6@psu.edu", "is_staff": false, "is_active": true, "date_joined": "2022-08-02T03:51:29.054Z", "groups": [], "user_permissions": []}}, {"model": "auth.user", "pk": 8, "fields": {"password": "lay4df", "last_login": null, "is_superuser": false, "username": "gbeminster7", "first_name": "", "last_name": "", "email": "clain7@marketwatch.com", "is_staff": false, "is_active": true, "date_joined": "2022-08-02T03:51:29.066Z", "groups": [], "user_permissions": []}}, {"model": "auth.user", "pk": 9, "fields": {"password": "llpDfGJCRgsx", "last_login": null, "is_superuser": false, "username": "btowey8", "first_name": "", "last_name": "", "email": "ebirmingham8@toplist.cz", "is_staff": false, "is_active": true, "date_joined": "2022-08-02T03:51:29.077Z", "groups": [4, 3], "user_permissions": []}}, {"model": "auth.user", "pk": 10, "fields": {"password": "LLA1v4N", "last_login": null, "is_superuser": false, "username": "pbeevor9", "first_name": "", "last_name": "", "email": "gburry9@odnoklassniki.ru", "is_staff": false, "is_active": true, "date_joined": "2022-08-02T03:51:29.087Z", "groups": [], "user_permissions": []}}, {"model": "auth.user", "pk": 11, "fields": {"password": "m8zInPvkdO", "last_login": null, "is_superuser": false, "username": "cthandia", "first_name": "", "last_name": "", "email": "srennya@hibu.com", "is_staff": false, "is_active": true, "date_joined": "2022-08-02T03:51:29.097Z", "groups": [1, 5], "user_permissions": []}}, {"model": "auth.user", "pk": 12, "fields": {"password": "x9ZBo5V", "last_login": null, "is_superuser": false, "username": "kpeirob", "first_name": "", "last_name": "", "email": "hlarretb@nyu.edu", "is_staff": false, "is_active": true, "date_joined": "2022-08-02T03:51:29.107Z", "groups": [], "user_permissions": []}}, {"model": "auth.user", "pk": 13, "fields": {"password": "kJbyPh", "last_login": null, "is_superuser": false, "username": "kdudderidgec", "first_name": "", "last_name": "", "email": "plondonc@slideshare.net", "is_staff": false, "is_active": true, "date_joined": "2022-08-02T03:51:29.121Z", "groups": [], "user_permissions": []}}, {"model": "auth.user", "pk": 14, "fields": {"password": "pCwN3T", "last_login": null, "is_superuser": false, "username": "flearmondd", "first_name": "", "last_name": "", "email": "ebainbridged@aboutads.info", "is_staff": false, "is_active": true, "date_joined": "2022-08-02T03:51:29.133Z", "groups": [], "user_permissions": []}}, {"model": "auth.user", "pk": 15, "fields": {"password": "eVgm1CYeh", "last_login": null, "is_superuser": false, "username": "cpischoffe", "first_name": "", "last_name": "", "email": "abelamye@last.fm", "is_staff": false, "is_active": true, "date_joined": "2022-08-02T03:51:29.145Z", "groups": [], "user_permissions": []}}, {"model": "contenttypes.contenttype", "pk": 1, "fields": {"app_label": "admin", "model": "logentry"}}, {"model": "contenttypes.contenttype", "pk": 2, "fields": {"app_label": "auth", "model": "permission"}}, {"model": "contenttypes.contenttype", "pk": 3, "fields": {"app_label": "auth", "model": "group"}}, {"model": "contenttypes.contenttype", "pk": 4, "fields": {"app_label": "auth", "model": "user"}}, {"model": "contenttypes.contenttype", "pk": 5, "fields": {"app_label": "contenttypes", "model": "contenttype"}}, {"model": "contenttypes.contenttype", "pk": 6, "fields": {"app_label": "sessions", "model": "session"}}, {"model": "contenttypes.contenttype", "pk": 7, "fields": {"app_label": "budgets", "model": "moneyflow"}}, {"model": "budgets.moneyflow", "pk": 1, "fields": {"created_at": "2022-08-02T03:55:37.572Z", "updated_at": "2022-08-02T03:55:37.572Z", "money_flow_type": "income", "amount": "17159.97", "short_desc": "ipsum primis in faucibus orci", "description": "nulla ultrices aliquet maecenas leo odio condimentum id luctus nec molestie sed justo pellentesque viverra", "owner": 1, "family": 1, "archived": false, "category": "External income", "shared": []}}, {"model": "budgets.moneyflow", "pk": 2, "fields": {"created_at": "2022-08-02T03:55:37.611Z", "updated_at": "2022-08-02T03:55:37.611Z", "money_flow_type": "income", "amount": "34123.71", "short_desc": "orci pede venenatis non sodales sed tincidunt eu", "description": "dapibus dolor vel est donec odio justo sollicitudin ut suscipit a feugiat et eros vestibulum ac est lacinia nisi venenatis tristique fusce congue diam id", "owner": 2, "family": 2, "archived": false, "category": "External income", "shared": []}}, {"model": "budgets.moneyflow", "pk": 3, "fields": {"created_at": "2022-08-02T03:55:37.638Z", "updated_at": "2022-08-02T03:55:37.638Z", "money_flow_type": "expense", "amount": "40816.39", "short_desc": "pulvinar sed nisl nunc rhoncus dui vel sem sed", "description": "", "owner": 3, "family": 3, "archived": false, "category": "Entertainment", "shared": []}}, {"model": "budgets.moneyflow", "pk": 4, "fields": {"created_at": "2022-08-02T03:55:37.676Z", "updated_at": "2022-08-02T03:55:37.676Z", "money_flow_type": "income", "amount": "35288.50", "short_desc": "egestas metus aenean fermentum donec ut mauris", "description": "ut dolor morbi vel lectus in quam fringilla rhoncus mauris enim leo rhoncus sed vestibulum sit amet cursus id turpis integer aliquet", "owner": 4, "family": 4, "archived": false, "category": "External income", "shared": []}}, {"model": "budgets.moneyflow", "pk": 5, "fields": {"created_at": "2022-08-02T03:55:37.687Z", "updated_at": "2022-08-02T03:55:37.687Z", "money_flow_type": "expense", "amount": "48136.81", "short_desc": "at dolor quis odio consequat", "description": "ac diam cras pellentesque volutpat dui maecenas tristique est et tempus semper est quam pharetra magna ac consequat metus sapien ut nunc vestibulum ante ipsum primis in faucibus orci luctus et ultrices", "owner": 5, "family": 5, "archived": false, "category": "External income", "shared": []}}, {"model": "budgets.moneyflow", "pk": 6, "fields": {"created_at": "2022-08-02T03:55:37.698Z", "updated_at": "2022-08-02T03:55:37.698Z", "money_flow_type": "income", "amount": "2149.19", "short_desc": "ante ipsum primis in faucibus orci luctus", "description": "", "owner": 6, "family": 1, "archived": false, "category": "External income", "shared": []}}, {"model": "budgets.moneyflow", "pk": 7, "fields": {"created_at": "2022-08-02T03:55:37.709Z", "updated_at": "2022-08-02T03:55:37.709Z", "money_flow_type": "expense", "amount": "22024.47", "short_desc": "vivamus vestibulum sagittis sapien cum", "description": "", "owner": 7, "family": 2, "archived": false, "category": "Utilites", "shared": []}}, {"model": "budgets.moneyflow", "pk": 8, "fields": {"created_at": "2022-08-02T03:55:37.725Z", "updated_at": "2022-08-02T03:55:37.725Z", "money_flow_type": "income", "amount": "445.15", "short_desc": "consequat morbi a ipsum integer a nibh in quis", "description": "eu felis fusce posuere felis sed lacus morbi sem mauris laoreet ut rhoncus aliquet pulvinar sed nisl nunc rhoncus dui vel sem sed sagittis nam congue risus semper", "owner": 8, "family": 3, "archived": false, "category": "External income", "shared": []}}, {"model": "budgets.moneyflow", "pk": 9, "fields": {"created_at": "2022-08-02T03:55:37.737Z", "updated_at": "2022-08-02T03:55:37.737Z", "money_flow_type": "income", "amount": "49255.68", "short_desc": "nullam porttitor lacus at turpis donec", "description": "", "owner": 9, "family": 4, "archived": false, "category": "External income", "shared": []}}, {"model": "budgets.moneyflow", "pk": 10, "fields": {"created_at": "2022-08-02T03:55:37.749Z", "updated_at": "2022-08-02T03:55:37.749Z", "money_flow_type": "expense", "amount": "42378.63", "short_desc": "tellus nulla ut erat id mauris", "description": "sollicitudin ut suscipit a feugiat et eros vestibulum ac est", "owner": 10, "family": 5, "archived": false, "category": "Other", "shared": []}}, {"model": "budgets.moneyflow", "pk": 11, "fields": {"created_at": "2022-08-02T03:55:37.761Z", "updated_at": "2022-08-02T03:55:37.761Z", "money_flow_type": "income", "amount": "39648.76", "short_desc": "aliquam quis turpis eget elit sodales scelerisque", "description": "elit sodales scelerisque mauris sit amet eros suspendisse accumsan tortor quis turpis sed ante vivamus tortor duis mattis egestas metus aenean fermentum donec", "owner": 11, "family": 1, "archived": false, "category": "External income", "shared": []}}, {"model": "budgets.moneyflow", "pk": 12, "fields": {"created_at": "2022-08-02T03:55:37.773Z", "updated_at": "2022-08-02T03:55:37.773Z", "money_flow_type": "income", "amount": "21632.97", "short_desc": "mauris non ligula pellentesque ultrices", "description": "", "owner": 12, "family": 2, "archived": false, "category": "External income", "shared": []}}, {"model": "budgets.moneyflow", "pk": 13, "fields": {"created_at": "2022-08-02T03:55:37.785Z", "updated_at": "2022-08-02T03:55:37.785Z", "money_flow_type": "income", "amount": "45214.93", "short_desc": "cras pellentesque volutpat dui maecenas tristique", "description": "enim blandit mi in porttitor pede justo eu massa donec dapibus duis at velit eu est congue elementum in", "owner": 13, "family": 3, "archived": false, "category": "External income", "shared": []}}, {"model": "budgets.moneyflow", "pk": 14, "fields": {"created_at": "2022-08-02T03:55:37.797Z", "updated_at": "2022-08-02T03:55:37.797Z", "money_flow_type": "income", "amount": "1851.71", "short_desc": "ullamcorper purus sit amet nulla quisque arcu", "description": "", "owner": 14, "family": 4, "archived": false, "category": "External income", "shared": []}}, {"model": "budgets.moneyflow", "pk": 15, "fields": {"created_at": "2022-08-02T03:55:37.815Z", "updated_at": "2022-08-02T03:55:37.815Z", "money_flow_type": "income", "amount": "11351.95", "short_desc": "quis justo maecenas rhoncus aliquam lacus morbi", "description": "", "owner": 15, "family": 5, "archived": false, "category": "External income", "shared": []}}, {"model": "budgets.moneyflow", "pk": 16, "fields": {"created_at": "2022-08-02T03:55:37.827Z", "updated_at": "2022-08-02T03:55:37.827Z", "money_flow_type": "income", "amount": "3437.48", "short_desc": "in imperdiet et commodo vulputate justo in blandit", "description": "", "owner": 1, "family": 1, "archived": false, "category": "External income", "shared": []}}, {"model": "budgets.moneyflow", "pk": 17, "fields": {"created_at": "2022-08-02T03:55:37.837Z", "updated_at": "2022-08-02T03:55:37.837Z", "money_flow_type": "expense", "amount": "37296.74", "short_desc": "feugiat non pretium quis lectus suspendisse", "description": "hac habitasse platea dictumst morbi vestibulum velit id pretium iaculis diam erat fermentum justo nec condimentum neque sapien placerat ante nulla justo aliquam quis turpis eget elit sodales scelerisque mauris", "owner": 2, "family": 2, "archived": false, "category": "Supplies", "shared": []}}, {"model": "budgets.moneyflow", "pk": 18, "fields": {"created_at": "2022-08-02T03:55:37.849Z", "updated_at": "2022-08-02T03:55:37.849Z", "money_flow_type": "expense", "amount": "24516.13", "short_desc": "vitae nisl aenean lectus pellentesque eget", "description": "eget eros elementum pellentesque quisque porta volutpat erat quisque erat eros viverra eget congue eget", "owner": 3, "family": 3, "archived": false, "category": "External income", "shared": []}}, {"model": "budgets.moneyflow", "pk": 19, "fields": {"created_at": "2022-08-02T03:55:37.869Z", "updated_at": "2022-08-02T03:55:37.869Z", "money_flow_type": "expense", "amount": "31489.29", "short_desc": "ipsum primis in faucibus orci luctus", "description": "", "owner": 4, "family": 4, "archived": false, "category": "Food", "shared": []}}, {"model": "budgets.moneyflow", "pk": 20, "fields": {"created_at": "2022-08-02T03:55:37.884Z", "updated_at": "2022-08-02T03:55:37.884Z", "money_flow_type": "income", "amount": "30699.35", "short_desc": "accumsan felis ut at dolor", "description": "", "owner": 5, "family": 5, "archived": false, "category": "External income", "shared": []}}, {"model": "budgets.moneyflow", "pk": 21, "fields": {"created_at": "2022-08-02T03:55:37.916Z", "updated_at": "2022-08-02T03:55:37.916Z", "money_flow_type": "income", "amount": "36790.09", "short_desc": "eget eleifend luctus ultricies eu nibh quisque id", "description": "", "owner": 6, "family": 1, "archived": false, "category": "External income", "shared": []}}, {"model": "budgets.moneyflow", "pk": 22, "fields": {"created_at": "2022-08-02T03:55:37.931Z", "updated_at": "2022-08-02T03:55:37.931Z", "money_flow_type": "income", "amount": "36004.74", "short_desc": "dolor quis odio consequat varius integer ac leo", "description": "pede morbi porttitor lorem id ligula suspendisse ornare consequat lectus in est risus auctor sed tristique in tempus sit amet sem", "owner": 7, "family": 2, "archived": false, "category": "External income", "shared": []}}, {"model": "budgets.moneyflow", "pk": 23, "fields": {"created_at": "2022-08-02T03:55:37.970Z", "updated_at": "2022-08-02T03:55:37.970Z", "money_flow_type": "income", "amount": "11147.78", "short_desc": "blandit mi in porttitor pede justo eu", "description": "nunc rhoncus dui vel sem sed sagittis nam congue risus semper porta volutpat quam pede lobortis ligula sit amet eleifend pede libero quis orci nullam molestie nibh in lectus", "owner": 8, "family": 3, "archived": false, "category": "External income", "shared": []}}, {"model": "budgets.moneyflow", "pk": 24, "fields": {"created_at": "2022-08-02T03:55:37.987Z", "updated_at": "2022-08-02T03:55:37.987Z", "money_flow_type": "expense", "amount": "15781.38", "short_desc": "dui maecenas tristique est et tempus semper est", "description": "", "owner": 9, "family": 4, "archived": false, "category": "Healthcare", "shared": []}}, {"model": "budgets.moneyflow", "pk": 25, "fields": {"created_at": "2022-08-02T03:55:38.000Z", "updated_at": "2022-08-02T03:55:38.000Z", "money_flow_type": "expense", "amount": "20788.63", "short_desc": "mauris lacinia sapien quis libero nullam sit", "description": "", "owner": 10, "family": 5, "archived": false, "category": "Supplies", "shared": []}}, {"model": "budgets.moneyflow", "pk": 26, "fields": {"created_at": "2022-08-02T03:55:38.011Z", "updated_at": "2022-08-02T03:55:38.011Z", "money_flow_type": "income", "amount": "30228.00", "short_desc": "sed lacus morbi sem mauris laoreet ut rhoncus", "description": "aliquam quis turpis eget elit sodales scelerisque mauris sit amet eros suspendisse accumsan tortor quis turpis sed ante vivamus tortor duis mattis egestas metus aenean fermentum donec ut", "owner": 11, "family": 1, "archived": false, "category": "External income", "shared": []}}, {"model": "budgets.moneyflow", "pk": 27, "fields": {"created_at": "2022-08-02T03:55:38.024Z", "updated_at": "2022-08-02T03:55:38.024Z", "money_flow_type": "expense", "amount": "13582.99", "short_desc": "quisque ut erat curabitur gravida nisi at nibh", "description": "tristique fusce congue diam id ornare imperdiet sapien urna pretium nisl ut volutpat sapien arcu sed", "owner": 12, "family": 2, "archived": false, "category": "Savings", "shared": []}}, {"model": "budgets.moneyflow", "pk": 28, "fields": {"created_at": "2022-08-02T03:55:38.036Z", "updated_at": "2022-08-02T03:55:38.036Z", "money_flow_type": "expense", "amount": "24229.42", "short_desc": "pellentesque eget nunc donec quis orci eget", "description": "justo aliquam quis turpis eget elit sodales scelerisque mauris sit amet eros suspendisse accumsan tortor quis turpis sed ante vivamus tortor duis mattis egestas metus aenean fermentum donec ut mauris eget", "owner": 13, "family": 3, "archived": false, "category": "Personal", "shared": []}}, {"model": "budgets.moneyflow", "pk": 29, "fields": {"created_at": "2022-08-02T03:55:38.048Z", "updated_at": "2022-08-02T03:55:38.048Z", "money_flow_type": "expense", "amount": "32850.54", "short_desc": "facilisi cras non velit nec nisi", "description": "", "owner": 14, "family": 4, "archived": false, "category": "Savings", "shared": []}}, {"model": "budgets.moneyflow", "pk": 30, "fields": {"created_at": "2022-08-02T03:55:38.072Z", "updated_at": "2022-08-02T03:55:38.072Z", "money_flow_type": "expense", "amount": "1372.66", "short_desc": "turpis a pede posuere nonummy integer non velit", "description": "", "owner": 15, "family": 5, "archived": false, "category": "Debt", "shared": []}}, {"model": "budgets.moneyflow", "pk": 31, "fields": {"created_at": "2022-08-02T03:55:38.087Z", "updated_at": "2022-08-02T03:55:38.087Z", "money_flow_type": "expense", "amount": "49147.43", "short_desc": "ultricies eu nibh quisque id justo sit", "description": "mattis egestas metus aenean fermentum donec ut mauris eget massa tempor convallis nulla", "owner": 1, "family": 1, "archived": false, "category": "External income", "shared": []}}, {"model": "budgets.moneyflow", "pk": 32, "fields": {"created_at": "2022-08-02T03:55:38.102Z", "updated_at": "2022-08-02T03:55:38.102Z", "money_flow_type": "expense", "amount": "29317.35", "short_desc": "sed nisl nunc rhoncus dui vel sem sed sagittis", "description": "sem sed sagittis nam congue risus semper porta volutpat quam pede lobortis ligula sit amet eleifend pede libero quis orci", "owner": 2, "family": 2, "archived": false, "category": "Savings", "shared": []}}, {"model": "budgets.moneyflow", "pk": 33, "fields": {"created_at": "2022-08-02T03:55:38.118Z", "updated_at": "2022-08-02T03:55:38.118Z", "money_flow_type": "expense", "amount": "19433.25", "short_desc": "amet eros suspendisse accumsan tortor quis", "description": "nulla sed accumsan felis ut at dolor quis odio consequat", "owner": 3, "family": 3, "archived": false, "category": "Clothing", "shared": []}}, {"model": "budgets.moneyflow", "pk": 34, "fields": {"created_at": "2022-08-02T03:55:38.137Z", "updated_at": "2022-08-02T03:55:38.137Z", "money_flow_type": "expense", "amount": "42109.09", "short_desc": "maecenas tristique est et tempus semper est quam", "description": "odio curabitur convallis duis consequat dui nec nisi volutpat eleifend donec ut dolor morbi vel lectus in quam fringilla rhoncus mauris enim leo rhoncus sed vestibulum sit", "owner": 4, "family": 4, "archived": false, "category": "Insurance", "shared": []}}, {"model": "budgets.moneyflow", "pk": 35, "fields": {"created_at": "2022-08-02T03:55:38.148Z", "updated_at": "2022-08-02T03:55:38.148Z", "money_flow_type": "expense", "amount": "39676.96", "short_desc": "nulla neque libero convallis eget eleifend luctus", "description": "sapien non mi integer ac neque duis bibendum morbi non quam nec dui luctus rutrum nulla tellus in sagittis dui vel nisl duis ac nibh fusce lacus purus aliquet at feugiat non pretium quis", "owner": 5, "family": 5, "archived": false, "category": "External income", "shared": []}}, {"model": "budgets.moneyflow", "pk": 36, "fields": {"created_at": "2022-08-02T03:55:38.159Z", "updated_at": "2022-08-02T03:55:38.159Z", "money_flow_type": "expense", "amount": "3961.42", "short_desc": "eu massa donec dapibus duis at velit eu est congue", "description": "", "owner": 6, "family": 1, "archived": false, "category": "Education", "shared": []}}, {"model": "budgets.moneyflow", "pk": 37, "fields": {"created_at": "2022-08-02T03:55:38.176Z", "updated_at": "2022-08-02T03:55:38.176Z", "money_flow_type": "expense", "amount": "9485.33", "short_desc": "blandit non interdum in ante vestibulum ante ipsum", "description": "", "owner": 7, "family": 2, "archived": false, "category": "Utilites", "shared": []}}, {"model": "budgets.moneyflow", "pk": 38, "fields": {"created_at": "2022-08-02T03:55:38.191Z", "updated_at": "2022-08-02T03:55:38.191Z", "money_flow_type": "expense", "amount": "17686.88", "short_desc": "morbi vel lectus in quam fringilla rhoncus mauris", "description": "odio condimentum id luctus nec molestie sed justo pellentesque viverra pede ac diam cras pellentesque volutpat dui maecenas", "owner": 8, "family": 3, "archived": false, "category": "Insurance", "shared": []}}, {"model": "budgets.moneyflow", "pk": 39, "fields": {"created_at": "2022-08-02T03:55:38.210Z", "updated_at": "2022-08-02T03:55:38.210Z", "money_flow_type": "income", "amount": "11471.55", "short_desc": "est quam pharetra magna ac consequat metus sapien", "description": "velit nec nisi vulputate nonummy maecenas tincidunt lacus at velit vivamus vel nulla eget eros elementum pellentesque quisque", "owner": 9, "family": 4, "archived": false, "category": "External income", "shared": []}}, {"model": "budgets.moneyflow", "pk": 40, "fields": {"created_at": "2022-08-02T03:55:38.226Z", "updated_at": "2022-08-02T03:55:38.226Z", "money_flow_type": "expense", "amount": "34590.34", "short_desc": "nam nulla integer pede justo", "description": "", "owner": 10, "family": 5, "archived": false, "category": "Entertainment", "shared": []}}, {"model": "budgets.moneyflow", "pk": 41, "fields": {"created_at": "2022-08-02T03:55:38.240Z", "updated_at": "2022-08-02T03:55:38.240Z", "money_flow_type": "expense", "amount": "24108.40", "short_desc": "ac enim in tempor turpis", "description": "", "owner": 11, "family": 1, "archived": false, "category": "Retirement", "shared": []}}, {"model": "budgets.moneyflow", "pk": 42, "fields": {"created_at": "2022-08-02T03:55:38.251Z", "updated_at": "2022-08-02T03:55:38.251Z", "money_flow_type": "income", "amount": "6634.00", "short_desc": "vestibulum sagittis sapien cum sociis natoque", "description": "enim lorem ipsum dolor sit amet consectetuer adipiscing elit proin interdum mauris non ligula pellentesque ultrices phasellus id sapien in sapien iaculis", "owner": 12, "family": 2, "archived": false, "category": "External income", "shared": []}}, {"model": "budgets.moneyflow", "pk": 43, "fields": {"created_at": "2022-08-02T03:55:38.270Z", "updated_at": "2022-08-02T03:55:38.270Z", "money_flow_type": "income", "amount": "45256.63", "short_desc": "nulla tellus in sagittis dui", "description": "id turpis integer aliquet massa id lobortis convallis tortor risus dapibus augue", "owner": 13, "family": 3, "archived": false, "category": "External income", "shared": []}}, {"model": "budgets.moneyflow", "pk": 44, "fields": {"created_at": "2022-08-02T03:55:38.282Z", "updated_at": "2022-08-02T03:55:38.282Z", "money_flow_type": "income", "amount": "42473.46", "short_desc": "risus semper porta volutpat quam pede", "description": "", "owner": 14, "family": 4, "archived": false, "category": "External income", "shared": []}}, {"model": "budgets.moneyflow", "pk": 45, "fields": {"created_at": "2022-08-02T03:55:38.294Z", "updated_at": "2022-08-02T03:55:38.294Z", "money_flow_type": "income", "amount": "21105.54", "short_desc": "donec posuere metus vitae ipsum aliquam non mauris", "description": "", "owner": 15, "family": 5, "archived": false, "category": "External income", "shared": []}}, {"model": "budgets.moneyflow", "pk": 46, "fields": {"created_at": "2022-08-02T03:55:38.305Z", "updated_at": "2022-08-02T03:55:38.305Z", "money_flow_type": "expense", "amount": "9950.04", "short_desc": "id lobortis convallis tortor risus dapibus augue", "description": "vestibulum quam sapien varius ut blandit non interdum in ante vestibulum ante ipsum primis in faucibus orci luctus et ultrices posuere cubilia curae duis faucibus accumsan odio curabitur convallis duis consequat dui nec nisi", "owner": 1, "family": 1, "archived": false, "category": "Savings", "shared": []}}, {"model": "budgets.moneyflow", "pk": 47, "fields": {"created_at": "2022-08-02T03:55:38.317Z", "updated_at": "2022-08-02T03:55:38.317Z", "money_flow_type": "expense", "amount": "20320.71", "short_desc": "lobortis convallis tortor risus dapibus augue vel", "description": "", "owner": 2, "family": 2, "archived": false, "category": "Donations", "shared": []}}, {"model": "budgets.moneyflow", "pk": 48, "fields": {"created_at": "2022-08-02T03:55:38.328Z", "updated_at": "2022-08-02T03:55:38.328Z", "money_flow_type": "income", "amount": "21374.21", "short_desc": "sed nisl nunc rhoncus dui vel sem", "description": "", "owner": 3, "family": 3, "archived": false, "category": "External income", "shared": []}}, {"model": "budgets.moneyflow", "pk": 49, "fields": {"created_at": "2022-08-02T03:55:38.339Z", "updated_at": "2022-08-02T03:55:38.339Z", "money_flow_type": "income", "amount": "10211.59", "short_desc": "volutpat dui maecenas tristique est et tempus", "description": "", "owner": 4, "family": 4, "archived": false, "category": "External income", "shared": []}}, {"model": "budgets.moneyflow", "pk": 50, "fields": {"created_at": "2022-08-02T03:55:38.359Z", "updated_at": "2022-08-02T03:55:38.359Z", "money_flow_type": "income", "amount": "42272.87", "short_desc": "eget semper rutrum nulla nunc purus phasellus in", "description": "", "owner": 5, "family": 5, "archived": false, "category": "External income", "shared": []}}]